{
  "resources": [
    "./assets/sounds/sfx.mp3",
    "./assets/sounds/sfx.ogg",
    "./assets/sounds/sfx.m4a"
  ],
  "spritemap": {
    "1_box": { "start": 0, "end": 2.6122448979591835, "loop": false },
    "2_box": { "start": 3.1, "end": 5.7122448979591836, "loop": false },
    "3_box": { "start": 6.2, "end": 8.812244897959184, "loop": false },
    "4_box": { "start": 9.3, "end": 11.912244897959184, "loop": false },
    "bees": { "start": 12.4, "end": 13.4, "loop": false },
    "booster_appearing": {
      "start": 13.5,
      "end": 15.267551020408163,
      "loop": false
    },
    "booster_shuffle": {
      "start": 15.6,
      "end": 16.1118820861678,
      "loop": false
    },
    "booster_stepback": {
      "start": 16.7,
      "end": 16.898798185941043,
      "loop": false
    },
    "chicken": { "start": 17.8, "end": 19.014104308390024, "loop": false },
    "coin_collect": {
      "start": 19.900000000000002,
      "end": 20.200861678004536,
      "loop": false
    },
    "compliment": { "start": 21, "end": 24.047619047619047, "loop": false },
    "cow": { "start": 25.1, "end": 26.86326530612245, "loop": false },
    "dog-bark": {
      "start": 27.200000000000003,
      "end": 27.56571428571429,
      "loop": false
    },
    "duck": {
      "start": 28.300000000000004,
      "end": 30.93256235827665,
      "loop": false
    },
    "event_box": {
      "start": 31.400000000000006,
      "end": 34.900000000000006,
      "loop": false
    },
    "fence": {
      "start": 35.50000000000001,
      "end": 36.00179138321996,
      "loop": false
    },
    "music": {
      "start": 36.60000000000001,
      "end": 122.98693877551021,
      "loop": false
    },
    "popUp_daily_bonus": {
      "start": 123.7,
      "end": 125.76251700680272,
      "loop": false
    },
    "popUP_extra_space": { "start": 126.8, "end": 130.8, "loop": false },
    "popUp_victory": { "start": 130.9, "end": 132.4, "loop": false },
    "rabbit": { "start": 133, "end": 137.76451247165534, "loop": false },
    "surprise_box": {
      "start": 138.1,
      "end": 140.27877551020407,
      "loop": false
    },
    "tile_collect": {
      "start": 141.2,
      "end": 141.34167800453514,
      "loop": false
    },
    "tile_drop_1": {
      "start": 142.29999999999998,
      "end": 142.82031746031745,
      "loop": false
    },
    "tile_drop_2": { "start": 143.4, "end": 143.92031746031748, "loop": false },
    "tile_drop_3": {
      "start": 144.50000000000003,
      "end": 145.0203174603175,
      "loop": false
    },
    "tiles_match": {
      "start": 145.60000000000005,
      "end": 147.60000000000005,
      "loop": false
    },
    "tut_bubble": {
      "start": 147.70000000000005,
      "end": 147.7948526077098,
      "loop": false
    },
    "ui_click": {
      "start": 148.80000000000004,
      "end": 149.24514739229028,
      "loop": false
    },
    "win_Confetti_Explosion_1": {
      "start": 149.90000000000003,
      "end": 151.0250113378685,
      "loop": false
    },
    "win_Confetti_Explosion_2": {
      "start": 152.00000000000003,
      "end": 152.93750566893428,
      "loop": false
    }
  }
}
